{"St":{"0":"Alaska","1":"Alabama","2":"Arkansas","3":"Arizona","4":"California","5":"Colorado","6":"Connecticut","7":"District of Columbia","8":"Delaware","9":"Florida","10":"Georgia","11":"Hawaii","12":"Iowa","13":"Idaho","14":"Illinois","15":"Indiana","16":"Kansas","17":"Kentucky","18":"Louisiana","19":"Massachusetts","20":"Maryland","21":"Maine","22":"Michigan","23":"Minnesota","24":"Missouri","25":"Mississippi","26":"Montana","27":"North Carolina","28":"North Dakota","29":"Nebraska","30":"New Hampshire","31":"New Jersey","32":"New Mexico","33":"Nevada","34":"New York","35":"Ohio","36":"Oklahoma","37":"Oregon","38":"Pennsylvania","39":"Rhode Island","40":"South Carolina","41":"South Dakota","42":"Tennessee","43":"Texas","44":"Utah","45":"Virginia","46":"Vermont","47":"Washington","48":"Wisconsin","49":"West Virginia","50":"Wyoming"},"population":{"0":731545,"1":4903185,"2":3017804,"3":7278717,"4":39512223,"5":5758736,"6":3565287,"7":705749,"8":973764,"9":21477737,"10":10617423,"11":1415872,"12":3155070,"13":1787065,"14":12671821,"15":6732219,"16":2913314,"17":4467673,"18":4648794,"19":6892503,"20":6045680,"21":1344212,"22":9986857,"23":5639632,"24":6137428,"25":2976149,"26":1068778,"27":10488084,"28":762062,"29":1934408,"30":1359711,"31":8882190,"32":2096829,"33":3080156,"34":19453561,"35":11689100,"36":3956971,"37":4217737,"38":12801989,"39":1059361,"40":5148714,"41":884659,"42":6829174,"43":28995881,"44":3205958,"45":8535519,"46":623989,"47":7614893,"48":5822434,"49":1792147,"50":578759},"Covid Deaths":{"0":1457,"1":21138,"2":13062,"3":29852,"4":102356,"5":14522,"6":11034,"7":1392,"8":3440,"9":89075,"10":42351,"11":1955,"12":10538,"13":5513,"14":39381,"15":25959,"16":10229,"17":18094,"18":18136,"19":21035,"20":15578,"21":3085,"22":43191,"23":12806,"24":20776,"25":13474,"26":3712,"27":29059,"28":2232,"29":4827,"30":2972,"31":35774,"32":9236,"33":12084,"34":77423,"35":42299,"36":16157,"37":8726,"38":51344,"39":4148,"40":17869,"41":3245,"42":28113,"43":92378,"44":5397,"45":23769,"46":910,"47":15972,"48":16723,"49":8163,"50":2039},"%Deaths":{"0":0.0019916752,"1":0.0043110754,"2":0.0043283129,"3":0.0041012722,"4":0.0025904895,"5":0.0025217339,"6":0.003094842,"7":0.0019723726,"8":0.0035326835,"9":0.0041473178,"10":0.003988821,"11":0.0013807745,"12":0.003340021,"13":0.0030849465,"14":0.0031077617,"15":0.0038559352,"16":0.0035111217,"17":0.0040499831,"18":0.0039012269,"19":0.0030518666,"20":0.0025767159,"21":0.0022950249,"22":0.0043247841,"23":0.0022707155,"24":0.0033851314,"25":0.0045273271,"26":0.0034731254,"27":0.0027706681,"28":0.0029288955,"29":0.0024953371,"30":0.0021857586,"31":0.0040276103,"32":0.0044047464,"33":0.0039231779,"34":0.0039798883,"35":0.0036186704,"36":0.0040831737,"37":0.002068882,"38":0.0040106268,"39":0.003915568,"40":0.0034705754,"41":0.00366808,"42":0.0041166033,"43":0.0031859008,"44":0.0016834282,"45":0.0027847164,"46":0.001458359,"47":0.0020974687,"48":0.0028721665,"49":0.0045548719,"50":0.0035230554},"%Obesity":{"0":29.8,"1":35.6,"2":34.5,"3":28.4,"4":24.2,"5":20.2,"6":25.3,"7":22.1,"8":29.7,"9":26.8,"10":30.7,"11":22.7,"12":32.1,"13":28.6,"14":30.8,"15":31.3,"16":34.2,"17":34.6,"18":36.2,"19":24.3,"20":28.9,"21":30.0,"22":31.2,"23":26.1,"24":32.4,"25":35.6,"26":23.6,"27":30.1,"28":31.0,"29":31.4,"30":26.3,"31":25.6,"32":28.8,"33":26.7,"34":25.0,"35":29.8,"36":33.9,"37":30.1,"38":30.0,"39":26.0,"40":31.7,"41":30.4,"42":33.8,"43":32.4,"44":24.5,"45":29.2,"46":25.1,"47":26.4,"48":30.7,"49":35.6,"50":29.0}}