{"State":{"0":"Alabama","1":"Alaska","2":"Arizona","3":"Arkansas","4":"California","5":"Colorado","6":"Connecticut","7":"Delaware","8":"District of Columbia","9":"Florida","10":"Georgia","11":"Hawaii","12":"Idaho","13":"Illinois","14":"Indiana","15":"Iowa","16":"Kansas","17":"Kentucky","18":"Louisiana","19":"Maine","20":"Maryland","21":"Massachusetts","22":"Michigan","23":"Minnesota","24":"Mississippi","25":"Missouri","26":"Montana","27":"Nebraska","28":"Nevada","29":"New Hampshire","30":"New Jersey","31":"New Mexico","32":"New York","33":"North Carolina","34":"North Dakota","35":"Ohio","36":"Oklahoma","37":"Oregon","38":"Pennsylvania","39":"Rhode Island","40":"South Carolina","41":"South Dakota","42":"Tennessee","43":"Texas","44":"Utah","45":"Vermont","46":"Virginia","47":"Washington","48":"West Virginia","49":"Wisconsin","50":"Wyoming"},"Pop2010":{"0":4779736,"1":710231,"2":6392017,"3":2915918,"4":37253956,"5":5029196,"6":3574097,"7":897934,"8":601723,"9":18801310,"10":9687653,"11":1360301,"12":1567582,"13":12830632,"14":6483802,"15":3046355,"16":2853118,"17":4339367,"18":4533372,"19":1328361,"20":5773552,"21":6547629,"22":9883640,"23":5303925,"24":2967297,"25":5988927,"26":989415,"27":1826341,"28":2700551,"29":1316470,"30":8791894,"31":2059179,"32":19378102,"33":9535483,"34":672591,"35":11536504,"36":3751351,"37":3831074,"38":12702379,"39":1052567,"40":4625364,"41":814180,"42":6346105,"43":25145561,"44":2763885,"45":625741,"46":8001024,"47":6724540,"48":1852994,"49":5686986,"50":563626},"FamiliesUnderPover":{"0":342551.48,"1":27456.97,"2":371202.424,"3":207272.717,"4":1735055.861,"5":223126.749,"6":138094.723,"7":40927.44,"8":42997.948,"9":1085352.1780000001,"10":593889.067,"11":46590.391,"12":83002.842,"13":640325.052,"14":363902.115,"15":145843.126,"16":143135.459,"17":317857.062,"18":340255.122,"19":71507.802,"20":211594.32,"21":279508.93,"22":588720.894,"23":215802.045,"24":236417.306,"25":346376.5,"26":56858.07,"27":85336.235,"28":139849.576,"29":42523.637,"30":325751.253,"31":152007.072,"32":1047276.442,"33":592928.037,"34":31923.831,"35":691825.142,"36":241332.774,"37":217449.237,"38":646109.882,"39":53503.633,"40":297529.197,"41":41539.852,"42":414674.791,"43":1385699.0630000001,"44":96978.15,"45":29314.167,"46":351440.638,"47":307124.689,"48":139573.454,"49":271947.919,"50":25757.572},"Obesity":{"0":35.6,"1":29.8,"2":28.4,"3":34.5,"4":24.2,"5":20.2,"6":25.3,"7":29.7,"8":22.1,"9":26.8,"10":30.7,"11":22.7,"12":28.6,"13":30.8,"14":31.3,"15":32.1,"16":34.2,"17":34.6,"18":36.2,"19":30.0,"20":28.9,"21":24.3,"22":31.2,"23":26.1,"24":35.6,"25":32.4,"26":23.6,"27":31.4,"28":26.7,"29":26.3,"30":25.6,"31":28.8,"32":25.0,"33":30.1,"34":31.0,"35":29.8,"36":33.9,"37":30.1,"38":30.0,"39":26.0,"40":31.7,"41":30.4,"42":33.8,"43":32.4,"44":24.5,"45":25.1,"46":29.2,"47":26.4,"48":35.6,"49":30.7,"50":29.0}}