{"Pop2010":{"Alabama":4779736,"Alaska":710231,"Arizona":6392017,"Arkansas":2915918,"California":37253956,"Colorado":5029196,"Connecticut":3574097,"Delaware":897934,"District of Columbia":601723,"Florida":18801310,"Georgia":9687653,"Hawaii":1360301,"Idaho":1567582,"Illinois":12830632,"Indiana":6483802,"Iowa":3046355,"Kansas":2853118,"Kentucky":4339367,"Louisiana":4533372,"Maine":1328361,"Maryland":5773552,"Massachusetts":6547629,"Michigan":9883640,"Minnesota":5303925,"Mississippi":2967297,"Missouri":5988927,"Montana":989415,"Nebraska":1826341,"Nevada":2700551,"New Hampshire":1316470,"New Jersey":8791894,"New Mexico":2059179,"New York":19378102,"North Carolina":9535483,"North Dakota":672591,"Ohio":11536504,"Oklahoma":3751351,"Oregon":3831074,"Pennsylvania":12702379,"Rhode Island":1052567,"South Carolina":4625364,"South Dakota":814180,"Tennessee":6346105,"Texas":25145561,"Utah":2763885,"Vermont":625741,"Virginia":8001024,"Washington":6724540,"West Virginia":1852994,"Wisconsin":5686986,"Wyoming":563626},"FamiliesUnderPover":{"Alabama":342551.48,"Alaska":27456.97,"Arizona":371202.424,"Arkansas":207272.717,"California":1735055.861,"Colorado":223126.749,"Connecticut":138094.723,"Delaware":40927.44,"District of Columbia":42997.948,"Florida":1085352.1780000001,"Georgia":593889.067,"Hawaii":46590.391,"Idaho":83002.842,"Illinois":640325.052,"Indiana":363902.115,"Iowa":145843.126,"Kansas":143135.459,"Kentucky":317857.062,"Louisiana":340255.122,"Maine":71507.802,"Maryland":211594.32,"Massachusetts":279508.93,"Michigan":588720.894,"Minnesota":215802.045,"Mississippi":236417.306,"Missouri":346376.5,"Montana":56858.07,"Nebraska":85336.235,"Nevada":139849.576,"New Hampshire":42523.637,"New Jersey":325751.253,"New Mexico":152007.072,"New York":1047276.442,"North Carolina":592928.037,"North Dakota":31923.831,"Ohio":691825.142,"Oklahoma":241332.774,"Oregon":217449.237,"Pennsylvania":646109.882,"Rhode Island":53503.633,"South Carolina":297529.197,"South Dakota":41539.852,"Tennessee":414674.791,"Texas":1385699.0630000001,"Utah":96978.15,"Vermont":29314.167,"Virginia":351440.638,"Washington":307124.689,"West Virginia":139573.454,"Wisconsin":271947.919,"Wyoming":25757.572},"Obesity":{"Alabama":35.6,"Alaska":29.8,"Arizona":28.4,"Arkansas":34.5,"California":24.2,"Colorado":20.2,"Connecticut":25.3,"Delaware":29.7,"District of Columbia":22.1,"Florida":26.8,"Georgia":30.7,"Hawaii":22.7,"Idaho":28.6,"Illinois":30.8,"Indiana":31.3,"Iowa":32.1,"Kansas":34.2,"Kentucky":34.6,"Louisiana":36.2,"Maine":30.0,"Maryland":28.9,"Massachusetts":24.3,"Michigan":31.2,"Minnesota":26.1,"Mississippi":35.6,"Missouri":32.4,"Montana":23.6,"Nebraska":31.4,"Nevada":26.7,"New Hampshire":26.3,"New Jersey":25.6,"New Mexico":28.8,"New York":25.0,"North Carolina":30.1,"North Dakota":31.0,"Ohio":29.8,"Oklahoma":33.9,"Oregon":30.1,"Pennsylvania":30.0,"Rhode Island":26.0,"South Carolina":31.7,"South Dakota":30.4,"Tennessee":33.8,"Texas":32.4,"Utah":24.5,"Vermont":25.1,"Virginia":29.2,"Washington":26.4,"West Virginia":35.6,"Wisconsin":30.7,"Wyoming":29.0}}